Time - T(t),Amplitude - T(t),
0,25,
0.1,25.1,
0.2,25.21,
0.3,25.32,
0.4,25.43,
0.5,25.55,
0.6,25.68,
0.7,25.8,
0.8,25.93,
0.9,26.07,
1,26.2,
1.1,26.34,
1.2,26.48,
1.3,26.62,
1.4,26.76,
1.5,26.91,
1.6,27.05,
1.7,27.19,
1.8,27.34,
1.9,27.48,
2,27.63,
2.1,27.77,
2.2,27.92,
2.3,28.06,
2.4,28.2,
2.5,28.35,
2.6,28.49,
2.7,28.63,
2.8,28.77,
2.9,28.91,
3,29.05,
3.1,29.19,
3.2,29.32,
3.3,29.46,
3.4,29.59,
3.5,29.72,
3.6,29.86,
3.7,29.99,
3.8,30.11,
3.9,30.24,
4,30.37,
4.1,30.49,
4.2,30.61,
4.3,30.73,
4.4,30.85,
4.5,30.97,
4.6,31.09,
4.7,31.2,
4.8,31.31,
4.9,31.42,
5,31.53,
5.1,31.64,
5.2,31.75,
5.3,31.85,
5.4,31.96,
5.5,32.06,
5.6,32.16,
5.7,32.26,
5.8,32.36,
5.9,32.45,
6,32.55,
6.1,32.64,
6.2,32.73,
6.3,32.82,
6.4,32.91,
6.5,33,
6.6,33.08,
6.7,33.17,
6.8,33.25,
6.9,33.33,
7,33.41,
7.1,33.49,
7.2,33.57,
7.3,33.65,
7.4,33.72,
7.5,33.8,
7.6,33.87,
7.7,33.94,
7.8,34.01,
7.9,34.08,
8,34.15,
8.1,34.21,
8.2,34.28,
8.3,34.34,
8.4,34.41,
8.5,34.47,
8.6,34.53,
8.7,34.59,
8.8,34.65,
8.9,34.71,
9,34.77,
9.1,34.82,
9.2,34.88,
9.3,34.93,
9.4,34.98,
9.5,35.04,
9.6,35.09,
9.7,35.14,
9.8,35.19,
9.9,35.24,
10,35.28,
10.1,35.33,
10.2,35.38,
10.3,35.42,
10.4,35.47,
10.5,35.51,
10.6,35.55,
10.7,35.6,
10.8,35.64,
10.9,35.68,
11,35.72,
11.1,35.76,
11.2,35.8,
11.3,35.84,
11.4,35.87,
11.5,35.91,
11.6,35.95,
11.7,35.98,
11.8,36.02,
11.9,36.05,
12,36.08,
12.1,36.12,
12.2,36.15,
12.3,36.18,
12.4,36.21,
12.5,36.24,
12.6,36.27,
12.7,36.3,
12.8,36.33,
12.9,36.36,
13,36.39,
13.1,36.42,
13.2,36.45,
13.3,36.47,
13.4,36.5,
13.5,36.52,
13.6,36.55,
13.7,36.57,
13.8,36.6,
13.9,36.62,
14,36.65,
14.1,36.67,
14.2,36.69,
14.3,36.71,
14.4,36.74,
14.5,36.76,
14.6,36.78,
14.7,36.8,
14.8,36.82,
14.9,36.84,
15,36.86,
15.1,36.88,
15.2,36.9,
15.3,36.92,
15.4,36.94,
15.5,36.95,
15.6,36.97,
15.7,36.99,
15.8,37.01,
15.9,37.02,
16,37.04,
16.1,37.06,
16.2,37.07,
16.3,37.09,
16.4,37.1,
16.5,37.12,
16.6,37.13,
16.7,37.15,
16.8,37.16,
16.9,37.18,
17,37.19,
17.1,37.21,
17.2,37.22,
17.3,37.23,
17.4,37.25,
17.5,37.26,
17.6,37.27,
17.7,37.28,
17.8,37.29,
17.9,37.31,
18,37.32,
18.1,37.33,
18.2,37.34,
18.3,37.35,
18.4,37.36,
18.5,37.37,
18.6,37.38,
18.7,37.4,
18.8,37.41,
18.9,37.42,
19,37.43,
19.1,37.43,
19.2,37.44,
19.3,37.45,
19.4,37.46,
19.5,37.47,
19.6,37.48,
19.7,37.49,
19.8,37.5,
19.9,37.51,
20,37.51,
20.1,37.52,
20.2,37.53,
20.3,37.54,
20.4,37.55,
20.5,37.55,
20.6,37.56,
20.7,37.57,
20.8,37.58,
20.9,37.58,
21,37.59,
21.1,37.6,
21.2,37.6,
21.3,37.61,
21.4,37.62,
21.5,37.62,
21.6,37.63,
21.7,37.64,
21.8,37.64,
21.9,37.65,
22,37.65,
22.1,37.66,
22.2,37.67,
22.3,37.67,
22.4,37.68,
22.5,37.68,
22.6,37.69,
22.7,37.69,
22.8,37.7,
22.9,37.7,
23,37.71,
23.1,37.71,
23.2,37.72,
23.3,37.72,
23.4,37.73,
23.5,37.73,
23.6,37.74,
23.7,37.74,
23.8,37.74,
23.9,37.75,
24,37.75,
24.1,37.76,
24.2,37.76,
24.3,37.76,
24.4,37.77,
24.5,37.77,
24.6,37.78,
24.7,37.78,
24.8,37.78,
24.9,37.79,
25,37.79,
25.1,37.79,
25.2,37.8,
25.3,37.8,
25.4,37.8,
25.5,37.81,
25.6,37.81,
25.7,37.81,
25.8,37.82,
25.9,37.82,
26,37.82,
26.1,37.83,
26.2,37.83,
26.3,37.83,
26.4,37.83,
26.5,37.84,
26.6,37.84,
26.7,37.84,
26.8,37.85,
26.9,37.85,
27,37.85,
27.1,37.85,
27.2,37.86,
27.3,37.86,
27.4,37.86,
27.5,37.86,
27.6,37.86,
27.7,37.87,
27.8,37.87,
27.9,37.87,
28,37.87,
28.1,37.88,
28.2,37.88,
28.3,37.88,
28.4,37.88,
28.5,37.88,
28.6,37.89,
28.7,37.89,
28.8,37.89,
28.9,37.89,
29,37.89,
29.1,37.89,
29.2,37.9,
29.3,37.9,
29.4,37.9,
29.5,37.9,
29.6,37.9,
29.7,37.9,
29.8,37.91,
29.9,37.91,
30,37.91,
30.1,37.91,
30.2,37.91,
30.3,37.91,
30.4,37.91,
30.5,37.92,
30.6,37.92,
30.7,37.92,
30.8,37.92,
30.9,37.92,
31,37.92,
31.1,37.92,
31.2,37.93,
31.3,37.93,
31.4,37.93,
31.5,37.93,
31.6,37.93,
31.7,37.93,
31.8,37.93,
31.9,37.93,
32,37.93,
32.1,37.94,
32.2,37.94,
32.3,37.94,
32.4,37.94,
32.5,37.94,
32.6,37.94,
32.7,37.94,
32.8,37.94,
32.9,37.94,
33,37.94,
33.1,37.95,
33.2,37.95,
33.3,37.95,
33.4,37.95,
33.5,37.95,
33.6,37.95,
33.7,37.95,
33.8,37.95,
33.9,37.95,
34,37.95,
34.1,37.95,
34.2,37.95,
34.3,37.96,
34.4,37.96,
34.5,37.96,
34.6,37.96,
34.7,37.96,
34.8,37.96,
34.9,37.96,
35,37.96,
35.1,37.96,
35.2,37.96,
35.3,37.96,
35.4,37.96,
35.5,37.96,
35.6,37.96,
35.7,37.96,
35.8,37.97,
35.9,37.97,
36,37.97,
36.1,37.97,
36.2,37.97,
36.3,37.97,
36.4,37.97,
36.5,37.97,
36.6,37.97,
36.7,37.97,
36.8,37.97,
36.9,37.97,
37,37.97,
37.1,37.97,
37.2,37.97,
37.3,37.97,
37.4,37.97,
37.5,37.97,
37.6,37.97,
37.7,37.97,
37.8,37.97,
37.9,37.98,
38,37.98,
38.1,37.98,
38.2,37.98,
38.3,37.98,
38.4,37.98,
38.5,37.98,
38.6,37.98,
38.7,37.98,
38.8,37.98,
38.9,37.98,
39,37.98,
39.1,37.98,
39.2,37.98,
39.3,37.98,
39.4,37.98,
39.5,37.98,
39.6,37.98,
39.7,37.98,
39.8,37.98,
39.9,37.98,
40,37.98,
40.1,37.98,
40.2,37.98,
40.3,37.98,
40.4,37.98,
40.5,37.98,
40.6,37.98,
40.7,37.98,
40.8,37.98,
40.9,37.98,
41,37.99,
41.1,37.99,
41.2,37.99,
41.3,37.99,
41.4,37.99,
41.5,37.99,
41.6,37.99,
41.7,37.99,
41.8,37.99,
41.9,37.99,
42,37.99,
42.1,37.99,
42.2,37.99,
42.3,37.99,
42.4,37.99,
42.5,37.99,
42.6,37.99,
42.7,37.99,
42.8,37.99,
42.9,37.99,
43,37.99,
43.1,37.99,
43.2,37.99,
43.3,37.99,
43.4,37.99,
43.5,37.99,
43.6,37.99,
43.7,37.99,
43.8,37.99,
43.9,37.99,
44,37.99,
44.1,37.99,
44.2,37.99,
44.3,37.99,
44.4,37.99,
44.5,37.99,
44.6,37.99,
44.7,37.99,
44.8,37.99,
44.9,37.99,
45,37.99,
45.1,37.99,
45.2,37.99,
45.3,37.98,
45.4,37.97,
45.5,37.96,
45.6,37.94,
45.7,37.92,
45.8,37.9,
45.9,37.87,
46,37.84,
46.1,37.81,
46.2,37.78,
46.3,37.75,
46.4,37.71,
46.5,37.68,
46.6,37.64,
46.7,37.6,
46.8,37.56,
46.9,37.51,
47,37.47,
47.1,37.42,
47.2,37.38,
47.3,37.33,
47.4,37.28,
47.5,37.23,
47.6,37.18,
47.7,37.13,
47.8,37.07,
47.9,37.02,
48,36.97,
48.1,36.91,
48.2,36.86,
48.3,36.8,
48.4,36.75,
48.5,36.69,
48.6,36.63,
48.7,36.58,
48.8,36.52,
48.9,36.46,
49,36.4,
49.1,36.34,
49.2,36.28,
49.3,36.22,
49.4,36.16,
49.5,36.1,
49.6,36.05,
49.7,35.99,
49.8,35.93,
49.9,35.87,
50,35.81,
50.1,35.75,
50.2,35.69,
50.3,35.63,
50.4,35.57,
50.5,35.51,
50.6,35.45,
50.7,35.39,
50.8,35.33,
50.9,35.27,
51,35.21,
51.1,35.15,
51.2,35.09,
51.3,35.03,
51.4,34.97,
51.5,34.91,
51.6,34.85,
51.7,34.79,
51.8,34.74,
51.9,34.68,
52,34.62,
52.1,34.56,
52.2,34.51,
52.3,34.45,
52.4,34.39,
52.5,34.34,
52.6,34.28,
52.7,34.23,
52.8,34.17,
52.9,34.12,
53,34.06,
53.1,34.01,
53.2,33.95,
53.3,33.9,
53.4,33.85,
53.5,33.79,
53.6,33.74,
53.7,33.69,
53.8,33.64,
53.9,33.59,
54,33.54,
54.1,33.49,
54.2,33.44,
54.3,33.39,
54.4,33.34,
54.5,33.29,
54.6,33.24,
54.7,33.19,
54.8,33.15,
54.9,33.1,
55,33.05,
55.1,33.01,
55.2,32.96,
55.3,32.91,
55.4,32.87,
55.5,32.83,
55.6,32.78,
55.7,32.74,
55.8,32.7,
55.9,32.65,
56,32.61,
56.1,32.57,
56.2,32.53,
56.3,32.49,
56.4,32.45,
56.5,32.41,
56.6,32.37,
56.7,32.33,
56.8,32.29,
56.9,32.25,
57,32.21,
57.1,32.18,
57.2,32.14,
57.3,32.1,
57.4,32.07,
57.5,32.03,
57.6,32,
57.7,31.96,
57.8,31.93,
57.9,31.9,
58,31.86,
58.1,31.83,
58.2,31.8,
58.3,31.77,
58.4,31.73,
58.5,31.7,
58.6,31.67,
58.7,31.64,
58.8,31.61,
58.9,31.58,
59,31.55,
59.1,31.53,
59.2,31.5,
59.3,31.47,
59.4,31.44,
59.5,31.42,
59.6,31.39,
59.7,31.36,
59.8,31.34,
59.9,31.31,
60,31.29,
60.1,31.26,
60.2,31.23,
60.3,31.18,
60.4,31.11,
60.5,31.04,
60.6,30.96,
60.7,30.87,
60.8,30.77,
60.9,30.67,
61,30.56,
61.1,30.44,
61.2,30.32,
61.3,30.19,
61.4,30.06,
61.5,29.93,
61.6,29.79,
61.7,29.66,
61.8,29.52,
61.9,29.38,
62,29.24,
62.1,29.1,
62.2,28.96,
62.3,28.82,
62.4,28.68,
62.5,28.54,
62.6,28.41,
62.7,28.27,
62.8,28.14,
62.9,28,
63,27.87,
63.1,27.74,
63.2,27.62,
63.3,27.49,
63.4,27.37,
63.5,27.25,
63.6,27.13,
63.7,27.01,
63.8,26.9,
63.9,26.78,
64,26.67,
64.1,26.57,
64.2,26.46,
64.3,26.36,
64.4,26.26,
64.5,26.16,
64.6,26.06,
64.7,25.97,
64.8,25.87,
64.9,25.78,
65,25.69,
65.1,25.61,
65.2,25.52,
65.3,25.44,
65.4,25.36,
65.5,25.28,
65.6,25.21,
65.7,25.13,
65.8,25.06,
65.9,24.99,
66,24.92,
66.1,24.85,
66.2,24.79,
66.3,24.72,
66.4,24.66,
66.5,24.6,
66.6,24.54,
66.7,24.48,
66.8,24.43,
66.9,24.37,
67,24.32,
67.1,24.26,
67.2,24.21,
67.3,24.16,
67.4,24.11,
67.5,24.07,
67.6,24.02,
67.7,23.97,
67.8,23.93,
67.9,23.89,
68,23.84,
68.1,23.8,
68.2,23.76,
68.3,23.72,
68.4,23.69,
68.5,23.65,
68.6,23.61,
68.7,23.58,
68.8,23.54,
68.9,23.51,
69,23.48,
69.1,23.44,
69.2,23.41,
69.3,23.38,
69.4,23.35,
69.5,23.32,
69.6,23.29,
69.7,23.27,
69.8,23.24,
69.9,23.21,
70,23.19,
70.1,23.16,
70.2,23.14,
70.3,23.11,
70.4,23.09,
70.5,23.07,
70.6,23.04,
70.7,23.02,
70.8,23,
70.9,22.98,
71,22.96,
71.1,22.94,
71.2,22.92,
71.3,22.9,
71.4,22.88,
71.5,22.86,
71.6,22.85,
71.7,22.83,
71.8,22.81,
71.9,22.79,
72,22.78,
72.1,22.76,
72.2,22.75,
72.3,22.73,
72.4,22.72,
72.5,22.7,
72.6,22.69,
72.7,22.67,
72.8,22.66,
72.9,22.65,
73,22.63,
73.1,22.62,
73.2,22.61,
73.3,22.6,
73.4,22.58,
73.5,22.57,
73.6,22.56,
73.7,22.55,
73.8,22.54,
73.9,22.53,
74,22.52,
74.1,22.51,
74.2,22.5,
74.3,22.49,
74.4,22.48,
74.5,22.47,
74.6,22.46,
74.7,22.45,
74.8,22.44,
74.9,22.43,
75,22.43,
75.1,22.42,
75.2,22.41,
75.3,22.4,
75.4,22.39,
75.5,22.39,
75.6,22.38,
75.7,22.37,
75.8,22.36,
75.9,22.36,
76,22.35,
76.1,22.34,
76.2,22.34,
76.3,22.33,
76.4,22.32,
76.5,22.32,
76.6,22.31,
76.7,22.31,
76.8,22.3,
76.9,22.29,
77,22.29,
77.1,22.28,
77.2,22.28,
77.3,22.27,
77.4,22.27,
77.5,22.26,
77.6,22.26,
77.7,22.25,
77.8,22.25,
77.9,22.24,
78,22.24,
78.1,22.23,
78.2,22.23,
78.3,22.23,
78.4,22.22,
78.5,22.22,
78.6,22.21,
78.7,22.21,
78.8,22.21,
78.9,22.2,
79,22.2,
79.1,22.19,
79.2,22.19,
79.3,22.19,
79.4,22.18,
79.5,22.18,
79.6,22.18,
79.7,22.17,
79.8,22.17,
79.9,22.17,
80,22.17,
80.1,22.16,
80.2,22.16,
80.3,22.16,
80.4,22.15,
80.5,22.15,
80.6,22.15,
80.7,22.15,
80.8,22.14,
80.9,22.14,
81,22.14,
81.1,22.13,
81.2,22.13,
81.3,22.13,
81.4,22.13,
81.5,22.13,
81.6,22.12,
81.7,22.12,
81.8,22.12,
81.9,22.12,
82,22.11,
82.1,22.11,
82.2,22.11,
82.3,22.11,
82.4,22.11,
82.5,22.1,
82.6,22.1,
82.7,22.1,
82.8,22.1,
82.9,22.1,
83,22.1,
83.1,22.09,
83.2,22.09,
83.3,22.09,
83.4,22.09,
83.5,22.09,
83.6,22.09,
83.7,22.08,
83.8,22.08,
83.9,22.08,
84,22.08,
84.1,22.08,
84.2,22.08,
84.3,22.08,
84.4,22.07,
84.5,22.07,
84.6,22.07,
84.7,22.07,
84.8,22.07,
84.9,22.07,
85,22.07,
85.1,22.07,
85.2,22.06,
85.3,22.06,
85.4,22.06,
85.5,22.06,
85.6,22.06,
85.7,22.06,
85.8,22.06,
85.9,22.06,
86,22.06,
86.1,22.06,
86.2,22.05,
86.3,22.05,
86.4,22.05,
86.5,22.05,
86.6,22.05,
86.7,22.05,
86.8,22.05,
86.9,22.05,
87,22.05,
87.1,22.05,
87.2,22.05,
87.3,22.04,
87.4,22.04,
87.5,22.04,
87.6,22.04,
87.7,22.04,
87.8,22.04,
87.9,22.04,
88,22.04,
88.1,22.04,
88.2,22.04,
88.3,22.04,
88.4,22.04,
88.5,22.04,
88.6,22.04,
88.7,22.04,
88.8,22.03,
88.9,22.03,
89,22.03,
89.1,22.03,
89.2,22.03,
89.3,22.03,
89.4,22.03,
89.5,22.03,
89.6,22.03,
89.7,22.03,
89.8,22.03,
89.9,22.03,
90,22.03,
90.1,22.03,
90.2,22.04,
90.3,22.05,
90.4,22.08,
90.5,22.12,
90.6,22.16,
90.7,22.21,
90.8,22.26,
90.9,22.32,
91,22.39,
91.1,22.46,
91.2,22.53,
91.3,22.61,
91.4,22.69,
91.5,22.78,
91.6,22.86,
91.7,22.95,
91.8,23.05,
91.9,23.14,
92,23.24,
92.1,23.33,
92.2,23.43,
92.3,23.53,
92.4,23.63,
92.5,23.73,
92.6,23.83,
92.7,23.93,
92.8,24.03,
92.9,24.13,
93,24.23,
93.1,24.33,
93.2,24.43,
93.3,24.53,
93.4,24.63,
93.5,24.72,
93.6,24.82,
93.7,24.92,
93.8,25.01,
93.9,25.1,
94,25.19,
94.1,25.28,
94.2,25.37,
94.3,25.46,
94.4,25.55,
94.5,25.63,
94.6,25.72,
94.7,25.8,
94.8,25.88,
94.9,25.96,
95,26.04,
95.1,26.12,
95.2,26.2,
95.3,26.27,
95.4,26.35,
95.5,26.42,
95.6,26.49,
95.7,26.56,
95.8,26.63,
95.9,26.7,
96,26.76,
96.1,26.83,
96.2,26.89,
96.3,26.95,
96.4,27.02,
96.5,27.08,
96.6,27.14,
96.7,27.19,
96.8,27.25,
96.9,27.31,
97,27.36,
97.1,27.41,
97.2,27.47,
97.3,27.52,
97.4,27.57,
97.5,27.62,
97.6,27.66,
97.7,27.71,
97.8,27.76,
97.9,27.8,
98,27.85,
98.1,27.89,
98.2,27.93,
98.3,27.98,
98.4,28.02,
98.5,28.06,
98.6,28.1,
98.7,28.13,
98.8,28.17,
98.9,28.21,
99,28.24,
99.1,28.28,
99.2,28.31,
99.3,28.35,
99.4,28.38,
99.5,28.41,
99.6,28.45,
99.7,28.48,
99.8,28.51,
99.9,28.54,
100,28.57,
100.1,28.6,
100.2,28.62,
100.3,28.65,
100.4,28.68,
100.5,28.7,
100.6,28.73,
100.7,28.75,
100.8,28.78,
100.9,28.8,
101,28.83,
101.1,28.85,
101.2,28.87,
101.3,28.9,
101.4,28.92,
101.5,28.94,
101.6,28.96,
101.7,28.98,
101.8,29,
101.9,29.02,
102,29.04,
102.1,29.06,
102.2,29.08,
102.3,29.09,
102.4,29.11,
102.5,29.13,
102.6,29.15,
102.7,29.16,
102.8,29.18,
102.9,29.2,
103,29.21,
103.1,29.23,
103.2,29.24,
103.3,29.26,
103.4,29.27,
103.5,29.28,
103.6,29.3,
103.7,29.31,
103.8,29.33,
103.9,29.34,
104,29.35,
104.1,29.36,
104.2,29.38,
104.3,29.39,
104.4,29.4,
104.5,29.41,
104.6,29.42,
104.7,29.43,
104.8,29.44,
104.9,29.46,
105,29.47,
105.1,29.48,
105.2,29.49,
105.3,29.5,
105.4,29.51,
105.5,29.51,
105.6,29.52,
105.7,29.53,
105.8,29.54,
105.9,29.55,
106,29.56,
106.1,29.57,
106.2,29.58,
106.3,29.58,
106.4,29.59,
106.5,29.6,
106.6,29.61,
106.7,29.61,
106.8,29.62,
106.9,29.63,
107,29.64,
107.1,29.64,
107.2,29.65,
107.3,29.66,
107.4,29.66,
107.5,29.67,
107.6,29.67,
107.7,29.68,
107.8,29.69,
107.9,29.69,
108,29.7,
108.1,29.7,
108.2,29.71,
108.3,29.72,
108.4,29.72,
108.5,29.73,
108.6,29.73,
108.7,29.74,
108.8,29.74,
108.9,29.75,
109,29.75,
109.1,29.75,
109.2,29.76,
109.3,29.76,
109.4,29.77,
109.5,29.77,
109.6,29.78,
109.7,29.78,
109.8,29.78,
109.9,29.79,
110,29.79,
110.1,29.8,
110.2,29.8,
110.3,29.8,
110.4,29.81,
110.5,29.81,
110.6,29.81,
110.7,29.82,
110.8,29.82,
110.9,29.82,
111,29.83,
111.1,29.83,
111.2,29.83,
111.3,29.84,
111.4,29.84,
111.5,29.84,
111.6,29.85,
111.7,29.85,
111.8,29.85,
111.9,29.85,
112,29.86,
112.1,29.86,
112.2,29.86,
112.3,29.86,
112.4,29.87,
112.5,29.87,
112.6,29.87,
112.7,29.87,
112.8,29.88,
112.9,29.88,
113,29.88,
113.1,29.88,
113.2,29.89,
113.3,29.89,
113.4,29.89,
113.5,29.89,
113.6,29.89,
113.7,29.9,
113.8,29.9,
113.9,29.9,
114,29.9,
114.1,29.9,
114.2,29.9,
114.3,29.91,
114.4,29.91,
114.5,29.91,
114.6,29.91,
114.7,29.91,
114.8,29.91,
114.9,29.92,
115,29.92,
115.1,29.92,
115.2,29.92,
115.3,29.92,
115.4,29.92,
115.5,29.92,
115.6,29.93,
115.7,29.93,
115.8,29.93,
115.9,29.93,
116,29.93,
116.1,29.93,
116.2,29.93,
116.3,29.93,
116.4,29.94,
116.5,29.94,
116.6,29.94,
116.7,29.94,
116.8,29.94,
116.9,29.94,
117,29.94,
117.1,29.94,
117.2,29.94,
117.3,29.95,
117.4,29.95,
117.5,29.95,
117.6,29.95,
117.7,29.95,
117.8,29.95,
117.9,29.95,
118,29.95,
118.1,29.95,
118.2,29.95,
118.3,29.95,
118.4,29.96,
118.5,29.96,
118.6,29.96,
118.7,29.96,
118.8,29.96,
118.9,29.96,
119,29.96,
119.1,29.96,
119.2,29.96,
119.3,29.96,
119.4,29.96,
119.5,29.96,
119.6,29.96,
119.7,29.96,
119.8,29.97,
119.9,29.97,
120,29.97,
120.1,29.97,
120.2,29.97,
120.3,29.98,
120.4,30,
120.5,30.02,
120.6,30.04,
120.7,30.07,
120.8,30.1,
120.9,30.13,
121,30.16,
121.1,30.2,
121.2,30.24,
121.3,30.29,
121.4,30.33,
121.5,30.38,
121.6,30.43,
121.7,30.48,
121.8,30.53,
121.9,30.59,
122,30.65,
122.1,30.7,
122.2,30.76,
122.3,30.82,
122.4,30.88,
122.5,30.94,
122.6,31.01,
122.7,31.07,
122.8,31.13,
122.9,31.2,
123,31.27,
123.1,31.33,
123.2,31.4,
123.3,31.47,
123.4,31.53,
123.5,31.6,
123.6,31.67,
123.7,31.74,
123.8,31.81,
123.9,31.88,
124,31.94,
124.1,32.01,
124.2,32.08,
124.3,32.15,
124.4,32.22,
124.5,32.29,
124.6,32.36,
124.7,32.43,
124.8,32.49,
124.9,32.56,
125,32.63,
125.1,32.7,
125.2,32.77,
125.3,32.83,
125.4,32.9,
125.5,32.97,
125.6,33.03,
125.7,33.1,
125.8,33.17,
125.9,33.23,
126,33.3,
126.1,33.36,
126.2,33.42,
126.3,33.49,
126.4,33.55,
126.5,33.61,
126.6,33.68,
126.7,33.74,
126.8,33.8,
126.9,33.86,
127,33.92,
127.1,33.98,
127.2,34.04,
127.3,34.1,
127.4,34.16,
127.5,34.21,
127.6,34.27,
127.7,34.33,
127.8,34.38,
127.9,34.44,
128,34.49,
128.1,34.55,
128.2,34.6,
128.3,34.65,
128.4,34.71,
128.5,34.76,
128.6,34.81,
128.7,34.86,
128.8,34.91,
128.9,34.96,
129,35.01,
129.1,35.06,
129.2,35.11,
129.3,35.15,
129.4,35.2,
129.5,35.25,
129.6,35.29,
129.7,35.34,
129.8,35.38,
129.9,35.43,
130,35.47,
130.1,35.51,
130.2,35.55,
130.3,35.6,
130.4,35.64,
130.5,35.68,
130.6,35.72,
130.7,35.76,
130.8,35.8,
130.9,35.83,
131,35.87,
131.1,35.91,
131.2,35.95,
131.3,35.98,
131.4,36.02,
131.5,36.05,
131.6,36.09,
131.7,36.12,
131.8,36.16,
131.9,36.19,
132,36.22,
132.1,36.26,
132.2,36.29,
132.3,36.32,
132.4,36.35,
132.5,36.38,
132.6,36.41,
132.7,36.44,
132.8,36.47,
132.9,36.5,
133,36.52,
133.1,36.55,
133.2,36.58,
133.3,36.61,
133.4,36.63,
133.5,36.66,
133.6,36.68,
133.7,36.71,
133.8,36.73,
133.9,36.76,
134,36.78,
134.1,36.8,
134.2,36.83,
134.3,36.85,
134.4,36.87,
134.5,36.89,
134.6,36.92,
134.7,36.94,
134.8,36.96,
134.9,36.98,
135,37,
135.1,37.02,
135.2,37.03,
135.3,37.04,
135.4,37.04,
135.5,37.04,
135.6,37.04,
135.7,37.03,
135.8,37.02,
135.9,37,
136,36.99,
136.1,36.96,
136.2,36.94,
136.3,36.91,
136.4,36.88,
136.5,36.85,
136.6,36.81,
136.7,36.77,
136.8,36.73,
136.9,36.69,
137,36.65,
137.1,36.6,
137.2,36.56,
137.3,36.51,
137.4,36.46,
137.5,36.41,
137.6,36.36,
137.7,36.3,
137.8,36.25,
137.9,36.19,
138,36.13,
138.1,36.08,
138.2,36.02,
138.3,35.96,
138.4,35.9,
138.5,35.83,
138.6,35.77,
138.7,35.71,
138.8,35.65,
138.9,35.58,
139,35.52,
139.1,35.45,
139.2,35.39,
139.3,35.32,
139.4,35.25,
139.5,35.19,
139.6,35.12,
139.7,35.05,
139.8,34.99,
139.9,34.92,
140,34.85,
140.1,34.79,
140.2,34.72,
140.3,34.65,
140.4,34.58,
140.5,34.52,
140.6,34.45,
140.7,34.38,
140.8,34.31,
140.9,34.25,
141,34.18,
141.1,34.11,
141.2,34.05,
141.3,33.98,
141.4,33.92,
141.5,33.85,
141.6,33.79,
141.7,33.72,
141.8,33.66,
141.9,33.59,
142,33.53,
142.1,33.47,
142.2,33.4,
142.3,33.34,
142.4,33.28,
142.5,33.22,
142.6,33.16,
142.7,33.1,
142.8,33.04,
142.9,32.98,
143,32.92,
143.1,32.86,
143.2,32.81,
143.3,32.75,
143.4,32.69,
143.5,32.64,
143.6,32.58,
143.7,32.53,
143.8,32.47,
143.9,32.42,
144,32.37,
144.1,32.32,
144.2,32.27,
144.3,32.22,
144.4,32.17,
144.5,32.12,
144.6,32.07,
144.7,32.02,
144.8,31.98,
144.9,31.93,
145,31.88,
145.1,31.84,
145.2,31.8,
145.3,31.75,
145.4,31.71,
145.5,31.67,
145.6,31.63,
145.7,31.59,
145.8,31.55,
145.9,31.51,
146,31.47,
146.1,31.43,
146.2,31.4,
146.3,31.36,
146.4,31.33,
146.5,31.29,
146.6,31.26,
146.7,31.22,
146.8,31.19,
146.9,31.16,
147,31.13,
147.1,31.1,
147.2,31.07,
147.3,31.04,
147.4,31.01,
147.5,30.98,
147.6,30.95,
147.7,30.93,
147.8,30.9,
147.9,30.87,
148,30.85,
148.1,30.82,
148.2,30.8,
148.3,30.78,
148.4,30.75,
148.5,30.73,
148.6,30.71,
148.7,30.69,
148.8,30.67,
148.9,30.65,
149,30.63,
149.1,30.61,
149.2,30.59,
149.3,30.57,
149.4,30.56,
149.5,30.54,
149.6,30.52,
149.7,30.51,
149.8,30.49,
149.9,30.47,
150,30.46,
150.1,30.44,
150.2,30.43,
150.3,30.42,
150.4,30.4,
150.5,30.39,
150.6,30.38,
150.7,30.37,
150.8,30.35,
150.9,30.34,
151,30.33,
151.1,30.32,
151.2,30.31,
151.3,30.3,
151.4,30.29,
151.5,30.28,
151.6,30.27,
151.7,30.26,
151.8,30.25,
151.9,30.24,
152,30.24,
152.1,30.23,
152.2,30.22,
152.3,30.21,
152.4,30.2,
152.5,30.2,
152.6,30.19,
152.7,30.18,
152.8,30.18,
152.9,30.17,
153,30.17,
153.1,30.16,
153.2,30.15,
153.3,30.15,
153.4,30.14,
153.5,30.14,
153.6,30.13,
153.7,30.13,
153.8,30.12,
153.9,30.12,
154,30.12,
154.1,30.11,
154.2,30.11,
154.3,30.1,
154.4,30.1,
154.5,30.1,
154.6,30.09,
154.7,30.09,
154.8,30.09,
154.9,30.08,
155,30.08,
155.1,30.08,
155.2,30.07,
155.3,30.07,
155.4,30.07,
155.5,30.07,
155.6,30.06,
155.7,30.06,
155.8,30.06,
155.9,30.06,
156,30.05,
156.1,30.05,
156.2,30.05,
156.3,30.05,
156.4,30.05,
156.5,30.05,
156.6,30.04,
156.7,30.04,
156.8,30.04,
156.9,30.04,
157,30.04,
157.1,30.04,
157.2,30.03,
157.3,30.03,
157.4,30.03,
157.5,30.03,
157.6,30.03,
157.7,30.03,
157.8,30.03,
157.9,30.03,
158,30.03,
158.1,30.02,
158.2,30.02,
158.3,30.02,
158.4,30.02,
158.5,30.02,
158.6,30.02,
158.7,30.02,
158.8,30.02,
158.9,30.02,
159,30.02,
159.1,30.02,
159.2,30.02,
159.3,30.02,
159.4,30.01,
159.5,30.01,
159.6,30.01,
159.7,30.01,
159.8,30.01,
159.9,30.01,
160,30.01,
160.1,30.01,
160.2,30.01,
160.3,30.01,
160.4,30.01,
160.5,30.01,
160.6,30.01,
160.7,30.01,
160.8,30.01,
160.9,30.01,
161,30.01,
161.1,30.01,
161.2,30.01,
161.3,30.01,
161.4,30.01,
161.5,30.01,
161.6,30.01,
161.7,30.01,
161.8,30.01,
161.9,30.01,
162,30.01,
162.1,30.01,
162.2,30,
162.3,30,
162.4,30,
162.5,30,
162.6,30,
162.7,30,
162.8,30,
162.9,30,
163,30,
163.1,30,
163.2,30,
163.3,30,
163.4,30,
163.5,30,
163.6,30,
163.7,30,
163.8,30,
163.9,30,
164,30,
164.1,30,
164.2,30,
164.3,30,
164.4,30,
164.5,30,
164.6,30,
164.7,30,
164.8,30,
164.9,30,
165,30,
165.1,30,
165.2,30,
165.3,30,
165.4,30,
165.5,30,
165.6,30,
165.7,30,
165.8,30,
165.9,30,
166,30,
166.1,30,
166.2,30,
166.3,30,
166.4,30,
166.5,30,
166.6,30,
166.7,30,
166.8,30,
166.9,30,
167,30,
167.1,30,
167.2,30,
167.3,30,
167.4,30,
167.5,30,
167.6,30,
167.7,30,
167.8,30,
167.9,30,
168,30,
168.1,30,
168.2,30,
168.3,30,
168.4,30,
168.5,30,
168.6,30,
168.7,30,
168.8,30,
168.9,30,
169,30,
169.1,30,
169.2,30,
169.3,30,
169.4,30,
169.5,30,
169.6,30,
169.7,30,
169.8,30,
169.9,30,
170,30,
170.1,30,
170.2,30,
170.3,30,
170.4,30,
170.5,30,
170.6,30,
170.7,30,
170.8,30,
170.9,30,
171,30,
171.1,30,
171.2,30,
171.3,30,
171.4,30,
171.5,30,
171.6,30,
171.7,30,
171.8,30,
171.9,30,
172,30,
172.1,30,
172.2,30,
172.3,30,
172.4,30,
172.5,30,
172.6,30,
172.7,30,
172.8,30,
172.9,30,
173,30,
173.1,30,
173.2,30,
173.3,30,
173.4,30,
173.5,30,
173.6,30,
173.7,30,
173.8,30,
173.9,30,
174,30,
174.1,30,
174.2,30,
174.3,30,
174.4,30,
174.5,30,
174.6,30,
174.7,30,
174.8,30,
174.9,30,
175,30,
175.1,30,
175.2,30,
175.3,30,
175.4,30,
175.5,30,
175.6,30,
175.7,30,
175.8,30,
175.9,30,
176,30,
176.1,30,
176.2,30,
176.3,30,
176.4,30,
176.5,30,
176.6,30,
176.7,30,
176.8,30,
176.9,30,
177,30,
177.1,30,
177.2,30,
177.3,30,
177.4,30,
177.5,30,
177.6,30,
177.7,30,
177.8,30,
177.9,30,
178,30,
178.1,30,
178.2,30,
178.3,30,
178.4,30,
178.5,30,
178.6,30,
178.7,30,
178.8,30,
178.9,30,
179,30,
179.1,30,
179.2,30,
179.3,30,
179.4,30,
179.5,30,
179.6,30,
179.7,30,
179.8,30,
179.9,30,
180,30,
